ticker,date,close,volume
ADHI.JK,2025-11-11 16:00:00,264,10325200
ADHI.JK,2025-11-12 16:00:00,260,7620000
ADHI.JK,2025-11-13 16:00:00,258,7911500
ADHI.JK,2025-11-14 16:00:00,258,6921900
ADHI.JK,2025-11-17 16:00:00,260,10697600
ADHI.JK,2025-11-18 16:00:00,258,6037700
ADHI.JK,2025-11-19 16:00:00,256,4647900
ADHI.JK,2025-11-20 16:00:00,260,122531600
ADHI.JK,2025-11-21 16:00:00,258,12651600
ADHI.JK,2025-11-24 16:00:00,256,29296300
ADHI.JK,2025-11-25 16:00:00,250,58400000
ADHI.JK,2025-11-26 16:00:00,252,59852000
ADHI.JK,2025-11-27 16:00:00,250,11452500
ADHI.JK,2025-11-28 16:00:00,250,13002200
ADHI.JK,2025-12-01 16:00:00,244,21218600
ADHI.JK,2025-12-02 16:00:00,238,16017700
ADHI.JK,2025-12-03 16:00:00,242,94374400
ADHI.JK,2025-12-04 16:00:00,246,68712300
ADHI.JK,2025-12-05 16:00:00,248,68962500
ADHI.JK,2025-12-08 16:00:00,250,17072800
ADHI.JK,2025-12-09 16:00:00,246,10445400
ADHI.JK,2025-12-10 16:00:00,248,6646200
ADRO.JK,2025-11-11 16:00:00,1950,130750300
ADRO.JK,2025-11-12 16:00:00,1965,96844300
ADRO.JK,2025-11-13 16:00:00,1930,89248300
ADRO.JK,2025-11-14 16:00:00,1880,110646200
ADRO.JK,2025-11-17 16:00:00,1910,104434100
ADRO.JK,2025-11-18 16:00:00,1880,98428200
ADRO.JK,2025-11-19 16:00:00,1920,74350800
ADRO.JK,2025-11-20 16:00:00,1905,52140900
ADRO.JK,2025-11-21 16:00:00,1870,60223900
ADRO.JK,2025-11-24 16:00:00,1875,88910200
ADRO.JK,2025-11-25 16:00:00,1855,53971700
ADRO.JK,2025-11-26 16:00:00,1845,64919800
ADRO.JK,2025-11-27 16:00:00,1810,70755600
ADRO.JK,2025-11-28 16:00:00,1810,48940700
ADRO.JK,2025-12-01 16:00:00,1820,44059900
ADRO.JK,2025-12-02 16:00:00,1840,52388300
ADRO.JK,2025-12-03 16:00:00,1850,24998900
ADRO.JK,2025-12-04 16:00:00,1810,46528500
ADRO.JK,2025-12-05 16:00:00,1815,42791600
ADRO.JK,2025-12-08 16:00:00,1900,173167600
ADRO.JK,2025-12-09 16:00:00,1835,104418300
ADRO.JK,2025-12-10 16:00:00,1830,51947100
AMRT.JK,2025-11-11 16:00:00,1855,59392900
AMRT.JK,2025-11-12 16:00:00,1910,41836600
AMRT.JK,2025-11-13 16:00:00,1895,33061000
AMRT.JK,2025-11-14 16:00:00,1865,22844500
AMRT.JK,2025-11-17 16:00:00,1855,22978500
AMRT.JK,2025-11-18 16:00:00,1860,33913000
AMRT.JK,2025-11-19 16:00:00,1885,19845900
AMRT.JK,2025-11-20 16:00:00,1840,42749600
AMRT.JK,2025-11-21 16:00:00,1830,31362500
AMRT.JK,2025-11-24 16:00:00,1870,79110500
AMRT.JK,2025-11-25 16:00:00,1850,33209700
AMRT.JK,2025-11-26 16:00:00,1835,35469800
AMRT.JK,2025-11-27 16:00:00,1810,38515100
AMRT.JK,2025-11-28 16:00:00,1800,43014000
AMRT.JK,2025-12-01 16:00:00,1785,39847000
AMRT.JK,2025-12-02 16:00:00,1805,32182100
AMRT.JK,2025-12-03 16:00:00,1840,31159800
AMRT.JK,2025-12-04 16:00:00,1850,30075900
AMRT.JK,2025-12-05 16:00:00,1845,35267100
AMRT.JK,2025-12-08 16:00:00,1935,75794200
AMRT.JK,2025-12-09 16:00:00,1930,29492800
AMRT.JK,2025-12-10 16:00:00,1925,34795300
ANTM.JK,2025-11-11 16:00:00,2880,102211800
ANTM.JK,2025-11-12 16:00:00,2880,70551600
ANTM.JK,2025-11-13 16:00:00,2890,69463700
ANTM.JK,2025-11-14 16:00:00,3040,247808900
ANTM.JK,2025-11-17 16:00:00,3060,258066200
ANTM.JK,2025-11-18 16:00:00,3010,160550100
ANTM.JK,2025-11-19 16:00:00,3000,72939900
ANTM.JK,2025-11-20 16:00:00,2980,60338300
ANTM.JK,2025-11-21 16:00:00,2910,70438500
ANTM.JK,2025-11-24 16:00:00,2930,77562700
ANTM.JK,2025-11-25 16:00:00,3000,96478900
ANTM.JK,2025-11-26 16:00:00,3030,115088600
ANTM.JK,2025-11-27 16:00:00,3000,59437500
ANTM.JK,2025-11-28 16:00:00,2910,131327000
ANTM.JK,2025-12-01 16:00:00,2990,66998800
ANTM.JK,2025-12-02 16:00:00,2980,62836100
ANTM.JK,2025-12-03 16:00:00,2920,64422400
ANTM.JK,2025-12-04 16:00:00,2900,51907700
ANTM.JK,2025-12-05 16:00:00,2910,45650000
ANTM.JK,2025-12-08 16:00:00,2970,59521000
ANTM.JK,2025-12-09 16:00:00,2920,48402900
ANTM.JK,2025-12-10 16:00:00,2930,50602100
ASII.JK,2025-11-11 16:00:00,6525,43529600
ASII.JK,2025-11-12 16:00:00,6450,37083400
ASII.JK,2025-11-13 16:00:00,6375,21200000
ASII.JK,2025-11-14 16:00:00,6400,23431700
ASII.JK,2025-11-17 16:00:00,6450,40681500
ASII.JK,2025-11-18 16:00:00,6425,27510900
ASII.JK,2025-11-19 16:00:00,6400,45476700
ASII.JK,2025-11-20 16:00:00,6425,30547700
ASII.JK,2025-11-21 16:00:00,6425,43653200
ASII.JK,2025-11-24 16:00:00,6475,71721700
ASII.JK,2025-11-25 16:00:00,6450,20954400
ASII.JK,2025-11-26 16:00:00,6600,29331000
ASII.JK,2025-11-27 16:00:00,6575,23737100
ASII.JK,2025-11-28 16:00:00,6550,38378700
ASII.JK,2025-12-01 16:00:00,6375,38669000
ASII.JK,2025-12-02 16:00:00,6625,53567600
ASII.JK,2025-12-03 16:00:00,6600,24386200
ASII.JK,2025-12-04 16:00:00,6725,38510600
ASII.JK,2025-12-05 16:00:00,6700,67707300
ASII.JK,2025-12-08 16:00:00,6725,38776000
ASII.JK,2025-12-09 16:00:00,6600,38482800
ASII.JK,2025-12-10 16:00:00,6625,34524000
ASRI.JK,2025-11-11 16:00:00,164,13277100
ASRI.JK,2025-11-12 16:00:00,166,18356500
ASRI.JK,2025-11-13 16:00:00,164,11171500
ASRI.JK,2025-11-14 16:00:00,162,8459400
ASRI.JK,2025-11-17 16:00:00,169,26662500
ASRI.JK,2025-11-18 16:00:00,169,121244600
ASRI.JK,2025-11-19 16:00:00,165,27885000
ASRI.JK,2025-11-20 16:00:00,164,9465700
ASRI.JK,2025-11-21 16:00:00,163,6557800
ASRI.JK,2025-11-24 16:00:00,164,16582100
ASRI.JK,2025-11-25 16:00:00,162,9720200
ASRI.JK,2025-11-26 16:00:00,168,28014500
ASRI.JK,2025-11-27 16:00:00,164,20657100
ASRI.JK,2025-11-28 16:00:00,164,9164100
ASRI.JK,2025-12-01 16:00:00,166,9782000
ASRI.JK,2025-12-02 16:00:00,164,8261700
ASRI.JK,2025-12-03 16:00:00,166,43331500
ASRI.JK,2025-12-04 16:00:00,167,25433200
ASRI.JK,2025-12-05 16:00:00,164,11515000
ASRI.JK,2025-12-08 16:00:00,166,10067600
ASRI.JK,2025-12-09 16:00:00,163,28210200
ASRI.JK,2025-12-10 16:00:00,166,22417400
BBCA.JK,2025-11-11 16:00:00,8400,130897600
BBCA.JK,2025-11-12 16:00:00,8500,85415600
BBCA.JK,2025-11-13 16:00:00,8375,104113800
BBCA.JK,2025-11-14 16:00:00,8425,89815300
BBCA.JK,2025-11-17 16:00:00,8575,129411100
BBCA.JK,2025-11-18 16:00:00,8400,119377900
BBCA.JK,2025-11-19 16:00:00,8475,114209700
BBCA.JK,2025-11-20 16:00:00,8425,124087400
BBCA.JK,2025-11-21 16:00:00,8400,103917100
BBCA.JK,2025-11-24 16:00:00,8475,279590600
BBCA.JK,2025-11-25 16:00:00,8500,98807700
BBCA.JK,2025-11-26 16:00:00,8425,77094400
BBCA.JK,2025-11-27 16:00:00,8325,71051300
BBCA.JK,2025-11-28 16:00:00,8275,67559300
BBCA.JK,2025-12-01 16:00:00,8400,76359200
BBCA.JK,2025-12-02 16:00:00,8375,97044000
BBCA.JK,2025-12-03 16:00:00,8300,103550900
BBCA.JK,2025-12-04 16:00:00,8225,71410400
BBCA.JK,2025-12-05 16:00:00,8300,71162300
BBCA.JK,2025-12-08 16:00:00,8300,61745200
BBCA.JK,2025-12-09 16:00:00,8100,113057200
BBCA.JK,2025-12-10 16:00:00,8075,143418300
BBNI.JK,2025-11-11 16:00:00,4420,48792200
BBNI.JK,2025-11-12 16:00:00,4460,35386800
BBNI.JK,2025-11-13 16:00:00,4420,20207300
BBNI.JK,2025-11-14 16:00:00,4390,34602500
BBNI.JK,2025-11-17 16:00:00,4390,28453300
BBNI.JK,2025-11-18 16:00:00,4460,36957300
BBNI.JK,2025-11-19 16:00:00,4460,34300600
BBNI.JK,2025-11-20 16:00:00,4460,54706000
BBNI.JK,2025-11-21 16:00:00,4390,45565700
BBNI.JK,2025-11-24 16:00:00,4390,76652700
BBNI.JK,2025-11-25 16:00:00,4420,36142900
BBNI.JK,2025-11-26 16:00:00,4410,31686100
BBNI.JK,2025-11-27 16:00:00,4350,33618200
BBNI.JK,2025-11-28 16:00:00,4260,40758200
BBNI.JK,2025-12-01 16:00:00,4310,19335100
BBNI.JK,2025-12-02 16:00:00,4270,39091800
BBNI.JK,2025-12-03 16:00:00,4260,28263900
BBNI.JK,2025-12-04 16:00:00,4310,23544900
BBNI.JK,2025-12-05 16:00:00,4290,28877500
BBNI.JK,2025-12-08 16:00:00,4310,28219300
BBNI.JK,2025-12-09 16:00:00,4320,34461400
BBNI.JK,2025-12-10 16:00:00,4310,19908000
BBRI.JK,2025-11-11 16:00:00,3890,179000200
BBRI.JK,2025-11-12 16:00:00,3900,111115400
BBRI.JK,2025-11-13 16:00:00,3870,99373200
BBRI.JK,2025-11-14 16:00:00,3900,100717300
BBRI.JK,2025-11-17 16:00:00,3940,140868100
BBRI.JK,2025-11-18 16:00:00,3970,205257700
BBRI.JK,2025-11-19 16:00:00,4000,107451000
BBRI.JK,2025-11-20 16:00:00,3990,183008400
BBRI.JK,2025-11-21 16:00:00,3960,112666100
BBRI.JK,2025-11-24 16:00:00,3980,262302000
BBRI.JK,2025-11-25 16:00:00,3830,396959100
BBRI.JK,2025-11-26 16:00:00,3790,288419400
BBRI.JK,2025-11-27 16:00:00,3740,283451800
BBRI.JK,2025-11-28 16:00:00,3680,353872800
BBRI.JK,2025-12-01 16:00:00,3670,299669500
BBRI.JK,2025-12-02 16:00:00,3710,277714300
BBRI.JK,2025-12-03 16:00:00,3660,225357100
BBRI.JK,2025-12-04 16:00:00,3690,221121100
BBRI.JK,2025-12-05 16:00:00,3650,156161100
BBRI.JK,2025-12-08 16:00:00,3670,124094700
BBRI.JK,2025-12-09 16:00:00,3680,201089800
BBRI.JK,2025-12-10 16:00:00,3660,172677700
BBTN.JK,2025-11-11 16:00:00,1200,33661200
BBTN.JK,2025-11-12 16:00:00,1210,15669500
BBTN.JK,2025-11-13 16:00:00,1200,17652400
BBTN.JK,2025-11-14 16:00:00,1195,13327200
BBTN.JK,2025-11-17 16:00:00,1210,20744600
BBTN.JK,2025-11-18 16:00:00,1210,22244400
BBTN.JK,2025-11-19 16:00:00,1200,11670700
BBTN.JK,2025-11-20 16:00:00,1200,22734900
BBTN.JK,2025-11-21 16:00:00,1185,27330400
BBTN.JK,2025-11-24 16:00:00,1210,17144300
BBTN.JK,2025-11-25 16:00:00,1200,11451800
BBTN.JK,2025-11-26 16:00:00,1195,11962300
BBTN.JK,2025-11-27 16:00:00,1190,11856200
BBTN.JK,2025-11-28 16:00:00,1195,11676400
BBTN.JK,2025-12-01 16:00:00,1185,13496800
BBTN.JK,2025-12-02 16:00:00,1180,24184200
BBTN.JK,2025-12-03 16:00:00,1180,11352600
BBTN.JK,2025-12-04 16:00:00,1175,12483700
BBTN.JK,2025-12-05 16:00:00,1165,12789900
BBTN.JK,2025-12-08 16:00:00,1150,49463400
BBTN.JK,2025-12-09 16:00:00,1130,48307800
BBTN.JK,2025-12-10 16:00:00,1100,56029800
BMRI.JK,2025-11-11 16:00:00,4680,168794500
BMRI.JK,2025-11-12 16:00:00,4760,138539800
BMRI.JK,2025-11-13 16:00:00,4700,108100300
BMRI.JK,2025-11-14 16:00:00,4750,73479600
BMRI.JK,2025-11-17 16:00:00,4820,136477100
BMRI.JK,2025-11-18 16:00:00,4790,127022100
BMRI.JK,2025-11-19 16:00:00,4850,107585700
BMRI.JK,2025-11-20 16:00:00,4940,234717700
BMRI.JK,2025-11-21 16:00:00,4950,142452600
BMRI.JK,2025-11-24 16:00:00,5100,303252000
BMRI.JK,2025-11-25 16:00:00,5025,169379300
BMRI.JK,2025-11-26 16:00:00,5025,128492000
BMRI.JK,2025-11-27 16:00:00,4860,170213000
BMRI.JK,2025-11-28 16:00:00,4830,128777200
BMRI.JK,2025-12-01 16:00:00,4860,58603700
BMRI.JK,2025-12-02 16:00:00,4850,104013500
BMRI.JK,2025-12-03 16:00:00,4880,102556300
BMRI.JK,2025-12-04 16:00:00,4920,59392600
BMRI.JK,2025-12-05 16:00:00,4900,53969200
BMRI.JK,2025-12-08 16:00:00,4950,62947600
BMRI.JK,2025-12-09 16:00:00,4890,134575200
BMRI.JK,2025-12-10 16:00:00,4970,96005900
BNGA.JK,2025-11-11 16:00:00,1740,1984700
BNGA.JK,2025-11-12 16:00:00,1745,2164500
BNGA.JK,2025-11-13 16:00:00,1745,2922500
BNGA.JK,2025-11-14 16:00:00,1735,1716600
BNGA.JK,2025-11-17 16:00:00,1765,8505500
BNGA.JK,2025-11-18 16:00:00,1820,25967700
BNGA.JK,2025-11-19 16:00:00,1795,6343400
BNGA.JK,2025-11-20 16:00:00,1800,2451900
BNGA.JK,2025-11-21 16:00:00,1790,2979900
BNGA.JK,2025-11-24 16:00:00,1780,3184700
BNGA.JK,2025-11-25 16:00:00,1785,2575200
BNGA.JK,2025-11-26 16:00:00,1785,1953300
BNGA.JK,2025-11-27 16:00:00,1775,1697200
BNGA.JK,2025-11-28 16:00:00,1775,3097400
BNGA.JK,2025-12-01 16:00:00,1765,3113400
BNGA.JK,2025-12-02 16:00:00,1775,5765900
BNGA.JK,2025-12-03 16:00:00,1775,2646000
BNGA.JK,2025-12-04 16:00:00,1780,2656300
BNGA.JK,2025-12-05 16:00:00,1775,1760900
BNGA.JK,2025-12-08 16:00:00,1770,2703500
BNGA.JK,2025-12-09 16:00:00,1760,2505000
BNGA.JK,2025-12-10 16:00:00,1750,3383200
BRIS.JK,2025-11-11 16:00:00,2500,14559300
BRIS.JK,2025-11-12 16:00:00,2480,20964400
BRIS.JK,2025-11-13 16:00:00,2460,20489000
BRIS.JK,2025-11-14 16:00:00,2490,12091100
BRIS.JK,2025-11-17 16:00:00,2480,11211600
BRIS.JK,2025-11-18 16:00:00,2470,9935900
BRIS.JK,2025-11-19 16:00:00,2460,6991600
BRIS.JK,2025-11-20 16:00:00,2450,14356100
BRIS.JK,2025-11-21 16:00:00,2420,22051000
BRIS.JK,2025-11-24 16:00:00,2400,14519100
BRIS.JK,2025-11-25 16:00:00,2390,11256900
BRIS.JK,2025-11-26 16:00:00,2380,6414800
BRIS.JK,2025-11-27 16:00:00,2370,13918800
BRIS.JK,2025-11-28 16:00:00,2340,9237100
BRIS.JK,2025-12-01 16:00:00,2380,10863600
BRIS.JK,2025-12-02 16:00:00,2380,14042800
BRIS.JK,2025-12-03 16:00:00,2340,10767600
BRIS.JK,2025-12-04 16:00:00,2360,10809600
BRIS.JK,2025-12-05 16:00:00,2330,4737900
BRIS.JK,2025-12-08 16:00:00,2330,8581500
BRIS.JK,2025-12-09 16:00:00,2250,25143400
BRIS.JK,2025-12-10 16:00:00,2250,17806000
BRPT.JK,2025-11-11 16:00:00,3530,58774500
BRPT.JK,2025-11-12 16:00:00,3780,294998400
BRPT.JK,2025-11-13 16:00:00,3720,196838200
BRPT.JK,2025-11-14 16:00:00,3780,120503100
BRPT.JK,2025-11-17 16:00:00,3770,88662000
BRPT.JK,2025-11-18 16:00:00,3580,155065500
BRPT.JK,2025-11-19 16:00:00,3500,76949500
BRPT.JK,2025-11-20 16:00:00,3470,55203200
BRPT.JK,2025-11-21 16:00:00,3490,61228900
BRPT.JK,2025-11-24 16:00:00,3500,140999100
BRPT.JK,2025-11-25 16:00:00,3430,118096700
BRPT.JK,2025-11-26 16:00:00,3510,141644200
BRPT.JK,2025-11-27 16:00:00,3600,178728200
BRPT.JK,2025-11-28 16:00:00,3580,64254900
BRPT.JK,2025-12-01 16:00:00,3470,78951200
BRPT.JK,2025-12-02 16:00:00,3500,76271500
BRPT.JK,2025-12-03 16:00:00,3490,63285400
BRPT.JK,2025-12-04 16:00:00,3500,52000400
BRPT.JK,2025-12-05 16:00:00,3500,46752300
BRPT.JK,2025-12-08 16:00:00,3400,101462900
BRPT.JK,2025-12-09 16:00:00,3500,118520700
BRPT.JK,2025-12-10 16:00:00,3720,419284100
BSDE.JK,2025-11-11 16:00:00,975,8294500
BSDE.JK,2025-11-12 16:00:00,960,9141900
BSDE.JK,2025-11-13 16:00:00,960,6385800
BSDE.JK,2025-11-14 16:00:00,960,4440100
BSDE.JK,2025-11-17 16:00:00,985,20404700
BSDE.JK,2025-11-18 16:00:00,980,17734800
BSDE.JK,2025-11-19 16:00:00,955,15984300
BSDE.JK,2025-11-20 16:00:00,945,21450800
BSDE.JK,2025-11-21 16:00:00,950,5152800
BSDE.JK,2025-11-24 16:00:00,940,21599800
BSDE.JK,2025-11-25 16:00:00,940,8308600
BSDE.JK,2025-11-26 16:00:00,940,13158100
BSDE.JK,2025-11-27 16:00:00,935,7682700
BSDE.JK,2025-11-28 16:00:00,940,8758600
BSDE.JK,2025-12-01 16:00:00,960,10369300
BSDE.JK,2025-12-02 16:00:00,950,9567100
BSDE.JK,2025-12-03 16:00:00,955,5398400
BSDE.JK,2025-12-04 16:00:00,950,17318400
BSDE.JK,2025-12-05 16:00:00,945,9196000
BSDE.JK,2025-12-08 16:00:00,945,6995600
BSDE.JK,2025-12-09 16:00:00,930,17000500
BSDE.JK,2025-12-10 16:00:00,935,6011100
BTPS.JK,2025-11-11 16:00:00,1365,6017300
BTPS.JK,2025-11-12 16:00:00,1370,3356400
BTPS.JK,2025-11-13 16:00:00,1375,4805600
BTPS.JK,2025-11-14 16:00:00,1380,3578800
BTPS.JK,2025-11-17 16:00:00,1375,4240800
BTPS.JK,2025-11-18 16:00:00,1375,4345300
BTPS.JK,2025-11-19 16:00:00,1355,4606800
BTPS.JK,2025-11-20 16:00:00,1370,5190600
BTPS.JK,2025-11-21 16:00:00,1360,5154000
BTPS.JK,2025-11-24 16:00:00,1375,5766100
BTPS.JK,2025-11-25 16:00:00,1355,7026300
BTPS.JK,2025-11-26 16:00:00,1360,3811600
BTPS.JK,2025-11-27 16:00:00,1365,4404100
BTPS.JK,2025-11-28 16:00:00,1315,7621800
BTPS.JK,2025-12-01 16:00:00,1360,10448100
BTPS.JK,2025-12-02 16:00:00,1320,6504000
BTPS.JK,2025-12-03 16:00:00,1320,2386100
BTPS.JK,2025-12-04 16:00:00,1300,13780300
BTPS.JK,2025-12-05 16:00:00,1300,4858000
BTPS.JK,2025-12-08 16:00:00,1300,6866800
BTPS.JK,2025-12-09 16:00:00,1240,19257200
BTPS.JK,2025-12-10 16:00:00,1185,31321900
BUKA.JK,2025-11-11 16:00:00,168,125625200
BUKA.JK,2025-11-12 16:00:00,173,243733100
BUKA.JK,2025-11-13 16:00:00,169,164171500
BUKA.JK,2025-11-14 16:00:00,167,128203100
BUKA.JK,2025-11-17 16:00:00,169,75335900
BUKA.JK,2025-11-18 16:00:00,166,113934500
BUKA.JK,2025-11-19 16:00:00,167,119080600
BUKA.JK,2025-11-20 16:00:00,167,55421900
BUKA.JK,2025-11-21 16:00:00,168,142391300
BUKA.JK,2025-11-24 16:00:00,170,193936900
BUKA.JK,2025-11-25 16:00:00,168,185851500
BUKA.JK,2025-11-26 16:00:00,168,58528400
BUKA.JK,2025-11-27 16:00:00,170,119468100
BUKA.JK,2025-11-28 16:00:00,169,88503600
BUKA.JK,2025-12-01 16:00:00,166,99918700
BUKA.JK,2025-12-02 16:00:00,167,102991800
BUKA.JK,2025-12-03 16:00:00,166,87200800
BUKA.JK,2025-12-04 16:00:00,166,86399700
BUKA.JK,2025-12-05 16:00:00,164,82731400
BUKA.JK,2025-12-08 16:00:00,164,132702300
BUKA.JK,2025-12-09 16:00:00,164,184055000
BUKA.JK,2025-12-10 16:00:00,164,176259800
CTRA.JK,2025-11-11 16:00:00,880,34296700
CTRA.JK,2025-11-12 16:00:00,860,61674400
CTRA.JK,2025-11-13 16:00:00,870,16580500
CTRA.JK,2025-11-14 16:00:00,865,12158000
CTRA.JK,2025-11-17 16:00:00,880,14929000
CTRA.JK,2025-11-18 16:00:00,885,25656500
CTRA.JK,2025-11-19 16:00:00,860,14614400
CTRA.JK,2025-11-20 16:00:00,865,14773100
CTRA.JK,2025-11-21 16:00:00,860,7996400
CTRA.JK,2025-11-24 16:00:00,865,19460100
CTRA.JK,2025-11-25 16:00:00,855,17087900
CTRA.JK,2025-11-26 16:00:00,860,19755400
CTRA.JK,2025-11-27 16:00:00,855,14037100
CTRA.JK,2025-11-28 16:00:00,870,13582000
CTRA.JK,2025-12-01 16:00:00,860,10694700
CTRA.JK,2025-12-02 16:00:00,865,10672000
CTRA.JK,2025-12-03 16:00:00,875,20011400
CTRA.JK,2025-12-04 16:00:00,875,8364900
CTRA.JK,2025-12-05 16:00:00,860,8818100
CTRA.JK,2025-12-08 16:00:00,870,5515200
CTRA.JK,2025-12-09 16:00:00,855,15365800
CTRA.JK,2025-12-10 16:00:00,860,6984300
EMTK.JK,2025-11-11 16:00:00,1270,91967700
EMTK.JK,2025-11-12 16:00:00,1285,62092800
EMTK.JK,2025-11-13 16:00:00,1260,88015200
EMTK.JK,2025-11-14 16:00:00,1230,122691700
EMTK.JK,2025-11-17 16:00:00,1210,58884000
EMTK.JK,2025-11-18 16:00:00,1190,75202400
EMTK.JK,2025-11-19 16:00:00,1180,54472700
EMTK.JK,2025-11-20 16:00:00,1160,46891200
EMTK.JK,2025-11-21 16:00:00,1260,183978500
EMTK.JK,2025-11-24 16:00:00,1295,178782900
EMTK.JK,2025-11-25 16:00:00,1255,421288200
EMTK.JK,2025-11-26 16:00:00,1270,124025900
EMTK.JK,2025-11-27 16:00:00,1265,202247900
EMTK.JK,2025-11-28 16:00:00,1225,95412900
EMTK.JK,2025-12-01 16:00:00,1210,59266700
EMTK.JK,2025-12-02 16:00:00,1295,231518100
EMTK.JK,2025-12-03 16:00:00,1290,165720000
EMTK.JK,2025-12-04 16:00:00,1290,57700400
EMTK.JK,2025-12-05 16:00:00,1345,233707200
EMTK.JK,2025-12-08 16:00:00,1315,137432400
EMTK.JK,2025-12-09 16:00:00,1335,103931200
EMTK.JK,2025-12-10 16:00:00,1420,448331500
EXCL.JK,2025-11-11 16:00:00,2750,7659600
EXCL.JK,2025-11-12 16:00:00,2750,14001500
EXCL.JK,2025-11-13 16:00:00,2750,15990100
EXCL.JK,2025-11-14 16:00:00,2720,5517900
EXCL.JK,2025-11-17 16:00:00,2730,8008400
EXCL.JK,2025-11-18 16:00:00,2710,13377900
EXCL.JK,2025-11-19 16:00:00,2750,13720600
EXCL.JK,2025-11-20 16:00:00,2760,7149800
EXCL.JK,2025-11-21 16:00:00,2730,20482500
EXCL.JK,2025-11-24 16:00:00,2760,14435200
EXCL.JK,2025-11-25 16:00:00,2750,11463300
EXCL.JK,2025-11-26 16:00:00,2860,24929600
EXCL.JK,2025-11-27 16:00:00,2840,7543200
EXCL.JK,2025-11-28 16:00:00,2890,9139100
EXCL.JK,2025-12-01 16:00:00,2860,10493200
EXCL.JK,2025-12-02 16:00:00,2810,20677200
EXCL.JK,2025-12-03 16:00:00,2790,4127100
EXCL.JK,2025-12-04 16:00:00,2890,9560800
EXCL.JK,2025-12-05 16:00:00,3200,88365500
EXCL.JK,2025-12-08 16:00:00,3300,69727100
EXCL.JK,2025-12-09 16:00:00,3440,66937200
EXCL.JK,2025-12-10 16:00:00,3710,91703600
GOTO.JK,2025-11-11 16:00:00,67,10123937400
GOTO.JK,2025-11-12 16:00:00,65,6511203800
GOTO.JK,2025-11-13 16:00:00,64,5228092900
GOTO.JK,2025-11-14 16:00:00,65,2688127300
GOTO.JK,2025-11-17 16:00:00,62,4772617200
GOTO.JK,2025-11-18 16:00:00,61,3441374500
GOTO.JK,2025-11-19 16:00:00,60,3613895900
GOTO.JK,2025-11-20 16:00:00,60,2875493100
GOTO.JK,2025-11-21 16:00:00,64,5357554500
GOTO.JK,2025-11-24 16:00:00,65,12188506300
GOTO.JK,2025-11-25 16:00:00,65,2198091500
GOTO.JK,2025-11-26 16:00:00,65,1781677400
GOTO.JK,2025-11-27 16:00:00,65,2847805200
GOTO.JK,2025-11-28 16:00:00,64,2270637900
GOTO.JK,2025-12-01 16:00:00,67,4333478300
GOTO.JK,2025-12-02 16:00:00,65,4418422800
GOTO.JK,2025-12-03 16:00:00,64,1956436600
GOTO.JK,2025-12-04 16:00:00,64,1341546300
GOTO.JK,2025-12-05 16:00:00,64,1794410100
GOTO.JK,2025-12-08 16:00:00,70,13380124800
GOTO.JK,2025-12-09 16:00:00,71,6529828600
GOTO.JK,2025-12-10 16:00:00,70,3321535800
HEAL.JK,2025-11-11 16:00:00,1440,7470900
HEAL.JK,2025-11-12 16:00:00,1415,2290400
HEAL.JK,2025-11-13 16:00:00,1420,3497600
HEAL.JK,2025-11-14 16:00:00,1415,2723600
HEAL.JK,2025-11-17 16:00:00,1430,3657900
HEAL.JK,2025-11-18 16:00:00,1440,8955000
HEAL.JK,2025-11-19 16:00:00,1435,8918600
HEAL.JK,2025-11-20 16:00:00,1450,2746900
HEAL.JK,2025-11-21 16:00:00,1445,7245600
HEAL.JK,2025-11-24 16:00:00,1410,22593600
HEAL.JK,2025-11-25 16:00:00,1435,19614100
HEAL.JK,2025-11-26 16:00:00,1430,16282500
HEAL.JK,2025-11-27 16:00:00,1410,6441200
HEAL.JK,2025-11-28 16:00:00,1400,1934100
HEAL.JK,2025-12-01 16:00:00,1400,4891700
HEAL.JK,2025-12-02 16:00:00,1400,6741000
HEAL.JK,2025-12-03 16:00:00,1415,17933400
HEAL.JK,2025-12-04 16:00:00,1450,2237900
HEAL.JK,2025-12-05 16:00:00,1445,2992200
HEAL.JK,2025-12-08 16:00:00,1440,2931100
HEAL.JK,2025-12-09 16:00:00,1440,2550000
HEAL.JK,2025-12-10 16:00:00,1440,5276500
HRUM.JK,2025-11-11 16:00:00,1070,11273700
HRUM.JK,2025-11-12 16:00:00,1050,8249500
HRUM.JK,2025-11-13 16:00:00,1030,20134900
HRUM.JK,2025-11-14 16:00:00,1010,22042800
HRUM.JK,2025-11-17 16:00:00,1015,10150100
HRUM.JK,2025-11-18 16:00:00,980,27270700
HRUM.JK,2025-11-19 16:00:00,990,10268500
HRUM.JK,2025-11-20 16:00:00,980,9975700
HRUM.JK,2025-11-21 16:00:00,970,10596800
HRUM.JK,2025-11-24 16:00:00,985,7881400
HRUM.JK,2025-11-25 16:00:00,1005,12892400
HRUM.JK,2025-11-26 16:00:00,1000,9211000
HRUM.JK,2025-11-27 16:00:00,995,7779400
HRUM.JK,2025-11-28 16:00:00,1005,8467600
HRUM.JK,2025-12-01 16:00:00,1045,49767200
HRUM.JK,2025-12-02 16:00:00,1040,26642100
HRUM.JK,2025-12-03 16:00:00,1030,9383100
HRUM.JK,2025-12-04 16:00:00,1005,9620200
HRUM.JK,2025-12-05 16:00:00,1005,8464700
HRUM.JK,2025-12-08 16:00:00,1040,15407200
HRUM.JK,2025-12-09 16:00:00,1030,10043900
HRUM.JK,2025-12-10 16:00:00,1020,8269200
ICBP.JK,2025-11-11 16:00:00,8550,9738300
ICBP.JK,2025-11-12 16:00:00,8525,7459700
ICBP.JK,2025-11-13 16:00:00,8475,9366500
ICBP.JK,2025-11-14 16:00:00,8425,9077300
ICBP.JK,2025-11-17 16:00:00,8375,21504300
ICBP.JK,2025-11-18 16:00:00,8325,14213100
ICBP.JK,2025-11-19 16:00:00,8400,20237100
ICBP.JK,2025-11-20 16:00:00,8325,15336300
ICBP.JK,2025-11-21 16:00:00,8350,9262700
ICBP.JK,2025-11-24 16:00:00,8350,176275900
ICBP.JK,2025-11-25 16:00:00,8575,36155100
ICBP.JK,2025-11-26 16:00:00,8600,19741000
ICBP.JK,2025-11-27 16:00:00,8550,17082500
ICBP.JK,2025-11-28 16:00:00,8450,8785500
ICBP.JK,2025-12-01 16:00:00,8400,5346900
ICBP.JK,2025-12-02 16:00:00,8100,43427600
ICBP.JK,2025-12-03 16:00:00,8125,10525100
ICBP.JK,2025-12-04 16:00:00,8200,13673600
ICBP.JK,2025-12-05 16:00:00,8050,16859700
ICBP.JK,2025-12-08 16:00:00,8075,11661200
ICBP.JK,2025-12-09 16:00:00,8000,16634200
ICBP.JK,2025-12-10 16:00:00,8025,8871000
INCO.JK,2025-11-11 16:00:00,4400,7423100
INCO.JK,2025-11-12 16:00:00,4300,15114200
INCO.JK,2025-11-13 16:00:00,4310,13220000
INCO.JK,2025-11-14 16:00:00,4240,9368100
INCO.JK,2025-11-17 16:00:00,4100,15955800
INCO.JK,2025-11-18 16:00:00,3890,27446000
INCO.JK,2025-11-19 16:00:00,3890,10060500
INCO.JK,2025-11-20 16:00:00,3810,19746500
INCO.JK,2025-11-21 16:00:00,3940,18719900
INCO.JK,2025-11-24 16:00:00,3860,10623200
INCO.JK,2025-11-25 16:00:00,3830,11931100
INCO.JK,2025-11-26 16:00:00,3830,11590100
INCO.JK,2025-11-27 16:00:00,3950,17961600
INCO.JK,2025-11-28 16:00:00,3820,23908500
INCO.JK,2025-12-01 16:00:00,3820,16693700
INCO.JK,2025-12-02 16:00:00,3960,14335100
INCO.JK,2025-12-03 16:00:00,3920,4434700
INCO.JK,2025-12-04 16:00:00,3880,2886300
INCO.JK,2025-12-05 16:00:00,3890,5319800
INCO.JK,2025-12-08 16:00:00,3990,9111800
INCO.JK,2025-12-09 16:00:00,3850,11124600
INCO.JK,2025-12-10 16:00:00,3900,8172500
INDF.JK,2025-11-11 16:00:00,7050,4661800
INDF.JK,2025-11-12 16:00:00,7175,5851900
INDF.JK,2025-11-13 16:00:00,7150,8371600
INDF.JK,2025-11-14 16:00:00,7100,5161800
INDF.JK,2025-11-17 16:00:00,7100,4245000
INDF.JK,2025-11-18 16:00:00,7000,7331100
INDF.JK,2025-11-19 16:00:00,7025,5448800
INDF.JK,2025-11-20 16:00:00,7075,8110900
INDF.JK,2025-11-21 16:00:00,7125,7423400
INDF.JK,2025-11-24 16:00:00,7450,18591600
INDF.JK,2025-11-25 16:00:00,7250,7894800
INDF.JK,2025-11-26 16:00:00,7425,7662600
INDF.JK,2025-11-27 16:00:00,7375,4580000
INDF.JK,2025-11-28 16:00:00,7350,4591700
INDF.JK,2025-12-01 16:00:00,7350,4108900
INDF.JK,2025-12-02 16:00:00,7200,7221100
INDF.JK,2025-12-03 16:00:00,7050,9217900
INDF.JK,2025-12-04 16:00:00,7025,4479400
INDF.JK,2025-12-05 16:00:00,7100,8852600
INDF.JK,2025-12-08 16:00:00,6975,8844700
INDF.JK,2025-12-09 16:00:00,6850,12610800
INDF.JK,2025-12-10 16:00:00,6900,3688400
INDY.JK,2025-11-11 16:00:00,2070,44087400
INDY.JK,2025-11-12 16:00:00,2050,11268700
INDY.JK,2025-11-13 16:00:00,2050,9766100
INDY.JK,2025-11-14 16:00:00,2020,8172300
INDY.JK,2025-11-17 16:00:00,1930,23326800
INDY.JK,2025-11-18 16:00:00,1820,27138300
INDY.JK,2025-11-19 16:00:00,1835,10849800
INDY.JK,2025-11-20 16:00:00,1820,13130700
INDY.JK,2025-11-21 16:00:00,1800,6358900
INDY.JK,2025-11-24 16:00:00,1780,9869600
INDY.JK,2025-11-25 16:00:00,1770,14789400
INDY.JK,2025-11-26 16:00:00,1745,21783000
INDY.JK,2025-11-27 16:00:00,1770,13680400
INDY.JK,2025-11-28 16:00:00,1750,28093100
INDY.JK,2025-12-01 16:00:00,2080,109167600
INDY.JK,2025-12-02 16:00:00,1975,52882300
INDY.JK,2025-12-03 16:00:00,1905,27846600
INDY.JK,2025-12-04 16:00:00,1885,28936700
INDY.JK,2025-12-05 16:00:00,1910,24743400
INDY.JK,2025-12-08 16:00:00,1985,52600800
INDY.JK,2025-12-09 16:00:00,1980,34997800
INDY.JK,2025-12-10 16:00:00,1935,19953700
ISAT.JK,2025-11-11 16:00:00,2220,28870000
ISAT.JK,2025-11-12 16:00:00,2160,22771500
ISAT.JK,2025-11-13 16:00:00,2100,14844800
ISAT.JK,2025-11-14 16:00:00,2040,8725800
ISAT.JK,2025-11-17 16:00:00,2040,9205000
ISAT.JK,2025-11-18 16:00:00,2050,7931800
ISAT.JK,2025-11-19 16:00:00,2120,13989200
ISAT.JK,2025-11-20 16:00:00,2140,10409000
ISAT.JK,2025-11-21 16:00:00,2060,12358100
ISAT.JK,2025-11-24 16:00:00,2170,32438300
ISAT.JK,2025-11-25 16:00:00,2260,23118400
ISAT.JK,2025-11-26 16:00:00,2270,14242800
ISAT.JK,2025-11-27 16:00:00,2300,26109900
ISAT.JK,2025-11-28 16:00:00,2390,22715800
ISAT.JK,2025-12-01 16:00:00,2340,24155000
ISAT.JK,2025-12-02 16:00:00,2350,11050900
ISAT.JK,2025-12-03 16:00:00,2310,3206800
ISAT.JK,2025-12-04 16:00:00,2310,13622200
ISAT.JK,2025-12-05 16:00:00,2350,9291600
ISAT.JK,2025-12-08 16:00:00,2440,39802800
ISAT.JK,2025-12-09 16:00:00,2400,15549200
ISAT.JK,2025-12-10 16:00:00,2400,27876400
ITMG.JK,2025-11-11 16:00:00,23200,2277900
ITMG.JK,2025-11-12 16:00:00,23100,2294900
ITMG.JK,2025-11-13 16:00:00,22650,1830600
ITMG.JK,2025-11-14 16:00:00,22425,1536000
ITMG.JK,2025-11-17 16:00:00,22400,1226000
ITMG.JK,2025-11-18 16:00:00,22100,1814200
ITMG.JK,2025-11-19 16:00:00,22150,813500
ITMG.JK,2025-11-20 16:00:00,22100,1125900
ITMG.JK,2025-11-21 16:00:00,22125,1232000
ITMG.JK,2025-11-24 16:00:00,22250,1224000
ITMG.JK,2025-11-25 16:00:00,22100,788400
ITMG.JK,2025-11-26 16:00:00,22050,1313400
ITMG.JK,2025-11-27 16:00:00,22000,1687100
ITMG.JK,2025-11-28 16:00:00,22050,1670100
ITMG.JK,2025-12-01 16:00:00,21900,1358600
ITMG.JK,2025-12-02 16:00:00,22000,946200
ITMG.JK,2025-12-03 16:00:00,21975,842300
ITMG.JK,2025-12-04 16:00:00,21950,635100
ITMG.JK,2025-12-05 16:00:00,22000,777400
ITMG.JK,2025-12-08 16:00:00,22000,635500
ITMG.JK,2025-12-09 16:00:00,21925,1115400
ITMG.JK,2025-12-10 16:00:00,21900,1498600
JSMR.JK,2025-11-11 16:00:00,3550,2230500
JSMR.JK,2025-11-12 16:00:00,3550,6780500
JSMR.JK,2025-11-13 16:00:00,3550,4848400
JSMR.JK,2025-11-14 16:00:00,3500,5632900
JSMR.JK,2025-11-17 16:00:00,3510,2178000
JSMR.JK,2025-11-18 16:00:00,3510,3648700
JSMR.JK,2025-11-19 16:00:00,3520,4721400
JSMR.JK,2025-11-20 16:00:00,3540,5217200
JSMR.JK,2025-11-21 16:00:00,3530,2070000
JSMR.JK,2025-11-24 16:00:00,3530,3197600
JSMR.JK,2025-11-25 16:00:00,3540,2629100
JSMR.JK,2025-11-26 16:00:00,3530,2582200
JSMR.JK,2025-11-27 16:00:00,3480,8135200
JSMR.JK,2025-11-28 16:00:00,3470,2906000
JSMR.JK,2025-12-01 16:00:00,3440,6492200
JSMR.JK,2025-12-02 16:00:00,3440,5749800
JSMR.JK,2025-12-03 16:00:00,3460,2240900
JSMR.JK,2025-12-04 16:00:00,3410,4720900
JSMR.JK,2025-12-05 16:00:00,3420,1941200
JSMR.JK,2025-12-08 16:00:00,3430,2811900
JSMR.JK,2025-12-09 16:00:00,3390,4305000
JSMR.JK,2025-12-10 16:00:00,3400,2445000
KLBF.JK,2025-11-11 16:00:00,1285,51423600
KLBF.JK,2025-11-12 16:00:00,1265,46610400
KLBF.JK,2025-11-13 16:00:00,1285,36067000
KLBF.JK,2025-11-14 16:00:00,1235,80370400
KLBF.JK,2025-11-17 16:00:00,1225,50255000
KLBF.JK,2025-11-18 16:00:00,1180,127789000
KLBF.JK,2025-11-19 16:00:00,1230,152788800
KLBF.JK,2025-11-20 16:00:00,1210,91578500
KLBF.JK,2025-11-21 16:00:00,1210,130150400
KLBF.JK,2025-11-24 16:00:00,1170,1980522600
KLBF.JK,2025-11-25 16:00:00,1230,382404300
KLBF.JK,2025-11-26 16:00:00,1255,156911100
KLBF.JK,2025-11-27 16:00:00,1225,118868900
KLBF.JK,2025-11-28 16:00:00,1200,102883300
KLBF.JK,2025-12-01 16:00:00,1205,55450200
KLBF.JK,2025-12-02 16:00:00,1140,376504800
KLBF.JK,2025-12-03 16:00:00,1175,159365800
KLBF.JK,2025-12-04 16:00:00,1190,117885800
KLBF.JK,2025-12-05 16:00:00,1160,66764200
KLBF.JK,2025-12-08 16:00:00,1190,85060100
KLBF.JK,2025-12-09 16:00:00,1170,128666300
KLBF.JK,2025-12-10 16:00:00,1175,76714900
MAPI.JK,2025-11-11 16:00:00,1350,33732900
MAPI.JK,2025-11-12 16:00:00,1340,14101900
MAPI.JK,2025-11-13 16:00:00,1325,21116200
MAPI.JK,2025-11-14 16:00:00,1300,25539500
MAPI.JK,2025-11-17 16:00:00,1340,27974000
MAPI.JK,2025-11-18 16:00:00,1320,18020600
MAPI.JK,2025-11-19 16:00:00,1325,6630800
MAPI.JK,2025-11-20 16:00:00,1320,12870600
MAPI.JK,2025-11-21 16:00:00,1295,19141300
MAPI.JK,2025-11-24 16:00:00,1300,16285700
MAPI.JK,2025-11-25 16:00:00,1290,13710200
MAPI.JK,2025-11-26 16:00:00,1245,30942500
MAPI.JK,2025-11-27 16:00:00,1235,33267600
MAPI.JK,2025-11-28 16:00:00,1230,17227300
MAPI.JK,2025-12-01 16:00:00,1220,42572400
MAPI.JK,2025-12-02 16:00:00,1220,19856200
MAPI.JK,2025-12-03 16:00:00,1225,23830800
MAPI.JK,2025-12-04 16:00:00,1265,28207400
MAPI.JK,2025-12-05 16:00:00,1225,16229800
MAPI.JK,2025-12-08 16:00:00,1215,16640800
MAPI.JK,2025-12-09 16:00:00,1185,27125000
MAPI.JK,2025-12-10 16:00:00,1190,12217500
MDKA.JK,2025-11-11 16:00:00,2500,82735200
MDKA.JK,2025-11-12 16:00:00,2420,39832800
MDKA.JK,2025-11-13 16:00:00,2460,40838000
MDKA.JK,2025-11-14 16:00:00,2410,28313100
MDKA.JK,2025-11-17 16:00:00,2260,94282100
MDKA.JK,2025-11-18 16:00:00,2170,193176900
MDKA.JK,2025-11-19 16:00:00,2240,56898300
MDKA.JK,2025-11-20 16:00:00,2170,36764300
MDKA.JK,2025-11-21 16:00:00,2270,57952200
MDKA.JK,2025-11-24 16:00:00,2300,70511600
MDKA.JK,2025-11-25 16:00:00,2300,23402700
MDKA.JK,2025-11-26 16:00:00,2340,38991800
MDKA.JK,2025-11-27 16:00:00,2350,28361600
MDKA.JK,2025-11-28 16:00:00,2280,32960000
MDKA.JK,2025-12-01 16:00:00,2310,29439300
MDKA.JK,2025-12-02 16:00:00,2280,20031500
MDKA.JK,2025-12-03 16:00:00,2260,33970800
MDKA.JK,2025-12-04 16:00:00,2250,27269600
MDKA.JK,2025-12-05 16:00:00,2230,21861800
MDKA.JK,2025-12-08 16:00:00,2330,39530900
MDKA.JK,2025-12-09 16:00:00,2240,37403400
MDKA.JK,2025-12-10 16:00:00,2280,47920200
MEDC.JK,2025-11-11 16:00:00,1275,67075200
MEDC.JK,2025-11-12 16:00:00,1280,37865200
MEDC.JK,2025-11-13 16:00:00,1285,56714000
MEDC.JK,2025-11-14 16:00:00,1295,26069000
MEDC.JK,2025-11-17 16:00:00,1290,21213200
MEDC.JK,2025-11-18 16:00:00,1260,44713300
MEDC.JK,2025-11-19 16:00:00,1270,25725700
MEDC.JK,2025-11-20 16:00:00,1285,26097000
MEDC.JK,2025-11-21 16:00:00,1265,33200600
MEDC.JK,2025-11-24 16:00:00,1320,71853200
MEDC.JK,2025-11-25 16:00:00,1325,41736900
MEDC.JK,2025-11-26 16:00:00,1325,24755000
MEDC.JK,2025-11-27 16:00:00,1325,37498500
MEDC.JK,2025-11-28 16:00:00,1325,25736000
MEDC.JK,2025-12-01 16:00:00,1335,24350400
MEDC.JK,2025-12-02 16:00:00,1335,23753900
MEDC.JK,2025-12-03 16:00:00,1310,16965800
MEDC.JK,2025-12-04 16:00:00,1285,34006600
MEDC.JK,2025-12-05 16:00:00,1320,21784600
MEDC.JK,2025-12-08 16:00:00,1320,21921800
MEDC.JK,2025-12-09 16:00:00,1285,28224600
MEDC.JK,2025-12-10 16:00:00,1275,19111400
MEGA.JK,2025-11-11 16:00:00,3290,3800
MEGA.JK,2025-11-12 16:00:00,3300,2700
MEGA.JK,2025-11-13 16:00:00,3290,2600
MEGA.JK,2025-11-14 16:00:00,3290,5500
MEGA.JK,2025-11-17 16:00:00,3260,17300
MEGA.JK,2025-11-18 16:00:00,3250,84400
MEGA.JK,2025-11-19 16:00:00,3250,11600
MEGA.JK,2025-11-20 16:00:00,3250,9000
MEGA.JK,2025-11-21 16:00:00,3220,4100
MEGA.JK,2025-11-24 16:00:00,3280,7400
MEGA.JK,2025-11-25 16:00:00,3250,11500
MEGA.JK,2025-11-26 16:00:00,3450,400200
MEGA.JK,2025-11-27 16:00:00,3400,55600
MEGA.JK,2025-11-28 16:00:00,3370,13000
MEGA.JK,2025-12-01 16:00:00,3360,7600
MEGA.JK,2025-12-02 16:00:00,3330,9100
MEGA.JK,2025-12-03 16:00:00,3310,6600
MEGA.JK,2025-12-04 16:00:00,3310,1600
MEGA.JK,2025-12-05 16:00:00,3310,8500
MEGA.JK,2025-12-08 16:00:00,3370,43700
MEGA.JK,2025-12-09 16:00:00,3290,8800
MEGA.JK,2025-12-10 16:00:00,3300,6100
MIKA.JK,2025-11-11 16:00:00,2590,7129100
MIKA.JK,2025-11-12 16:00:00,2520,5193400
MIKA.JK,2025-11-13 16:00:00,2590,5086400
MIKA.JK,2025-11-14 16:00:00,2520,3135300
MIKA.JK,2025-11-17 16:00:00,2550,2836200
MIKA.JK,2025-11-18 16:00:00,2530,2170900
MIKA.JK,2025-11-19 16:00:00,2560,4333700
MIKA.JK,2025-11-20 16:00:00,2550,3651800
MIKA.JK,2025-11-21 16:00:00,2500,3132800
MIKA.JK,2025-11-24 16:00:00,2430,4394100
MIKA.JK,2025-11-25 16:00:00,2490,2970000
MIKA.JK,2025-11-26 16:00:00,2550,5424800
MIKA.JK,2025-11-27 16:00:00,2500,3787200
MIKA.JK,2025-11-28 16:00:00,2480,2694700
MIKA.JK,2025-12-01 16:00:00,2510,2312100
MIKA.JK,2025-12-02 16:00:00,2550,3017700
MIKA.JK,2025-12-03 16:00:00,2550,4555900
MIKA.JK,2025-12-04 16:00:00,2490,3099600
MIKA.JK,2025-12-05 16:00:00,2520,2210100
MIKA.JK,2025-12-08 16:00:00,2530,2614200
MIKA.JK,2025-12-09 16:00:00,2500,4141800
MIKA.JK,2025-12-10 16:00:00,2470,2951000
MTEL.JK,2025-11-11 16:00:00,560,3777400
MTEL.JK,2025-11-12 16:00:00,550,7901300
MTEL.JK,2025-11-13 16:00:00,560,15725700
MTEL.JK,2025-11-14 16:00:00,560,4439200
MTEL.JK,2025-11-17 16:00:00,560,11019200
MTEL.JK,2025-11-18 16:00:00,570,16448700
MTEL.JK,2025-11-19 16:00:00,570,15685900
MTEL.JK,2025-11-20 16:00:00,570,11194500
MTEL.JK,2025-11-21 16:00:00,570,10905600
MTEL.JK,2025-11-24 16:00:00,580,10317100
MTEL.JK,2025-11-25 16:00:00,580,6720700
MTEL.JK,2025-11-26 16:00:00,600,31294300
MTEL.JK,2025-11-27 16:00:00,610,25079800
MTEL.JK,2025-11-28 16:00:00,610,9499600
MTEL.JK,2025-12-01 16:00:00,600,23430800
MTEL.JK,2025-12-02 16:00:00,610,19036300
MTEL.JK,2025-12-03 16:00:00,620,29126900
MTEL.JK,2025-12-04 16:00:00,625,36992100
MTEL.JK,2025-12-05 16:00:00,630,11159400
MTEL.JK,2025-12-08 16:00:00,630,17593500
MTEL.JK,2025-12-09 16:00:00,625,20635900
MTEL.JK,2025-12-10 16:00:00,630,16724400
MYOR.JK,2025-11-11 16:00:00,2050,13501900
MYOR.JK,2025-11-12 16:00:00,2120,36696200
MYOR.JK,2025-11-13 16:00:00,2100,8513200
MYOR.JK,2025-11-14 16:00:00,2100,12346100
MYOR.JK,2025-11-17 16:00:00,2120,8171600
MYOR.JK,2025-11-18 16:00:00,2120,4557200
MYOR.JK,2025-11-19 16:00:00,2100,9072100
MYOR.JK,2025-11-20 16:00:00,2120,5172300
MYOR.JK,2025-11-21 16:00:00,2110,5886200
MYOR.JK,2025-11-24 16:00:00,2100,7865400
MYOR.JK,2025-11-25 16:00:00,2100,19663900
MYOR.JK,2025-11-26 16:00:00,2180,22464300
MYOR.JK,2025-11-27 16:00:00,2130,9904900
MYOR.JK,2025-11-28 16:00:00,2180,10913400
MYOR.JK,2025-12-01 16:00:00,2150,3984300
MYOR.JK,2025-12-02 16:00:00,2130,4401200
MYOR.JK,2025-12-03 16:00:00,2100,7092200
MYOR.JK,2025-12-04 16:00:00,2140,3131100
MYOR.JK,2025-12-05 16:00:00,2150,3328600
MYOR.JK,2025-12-08 16:00:00,2200,9945400
MYOR.JK,2025-12-09 16:00:00,2180,13247000
MYOR.JK,2025-12-10 16:00:00,2200,8049000
NCKL.JK,2025-11-11 16:00:00,1095,54364100
NCKL.JK,2025-11-12 16:00:00,1100,38340100
NCKL.JK,2025-11-13 16:00:00,1085,22504000
NCKL.JK,2025-11-14 16:00:00,1030,87280100
NCKL.JK,2025-11-17 16:00:00,1025,76230500
NCKL.JK,2025-11-18 16:00:00,1000,44466000
NCKL.JK,2025-11-19 16:00:00,980,84564300
NCKL.JK,2025-11-20 16:00:00,975,78886500
NCKL.JK,2025-11-21 16:00:00,970,62531400
NCKL.JK,2025-11-24 16:00:00,950,46409100
NCKL.JK,2025-11-25 16:00:00,995,91474900
NCKL.JK,2025-11-26 16:00:00,1010,60796000
NCKL.JK,2025-11-27 16:00:00,1000,30779800
NCKL.JK,2025-11-28 16:00:00,1045,57345400
NCKL.JK,2025-12-01 16:00:00,1020,40051000
NCKL.JK,2025-12-02 16:00:00,1030,25580000
NCKL.JK,2025-12-03 16:00:00,1010,26668900
NCKL.JK,2025-12-04 16:00:00,1030,17949400
NCKL.JK,2025-12-05 16:00:00,1020,25262300
NCKL.JK,2025-12-08 16:00:00,1025,28767700
NCKL.JK,2025-12-09 16:00:00,1020,23952300
NCKL.JK,2025-12-10 16:00:00,1020,26028800
NISP.JK,2025-11-11 16:00:00,1370,2054800
NISP.JK,2025-11-12 16:00:00,1375,2817500
NISP.JK,2025-11-13 16:00:00,1375,1963900
NISP.JK,2025-11-14 16:00:00,1375,3151200
NISP.JK,2025-11-17 16:00:00,1375,2265900
NISP.JK,2025-11-18 16:00:00,1390,7200300
NISP.JK,2025-11-19 16:00:00,1380,1652000
NISP.JK,2025-11-20 16:00:00,1385,1787400
NISP.JK,2025-11-21 16:00:00,1385,1856500
NISP.JK,2025-11-24 16:00:00,1390,1969900
NISP.JK,2025-11-25 16:00:00,1390,2729200
NISP.JK,2025-11-26 16:00:00,1380,3311100
NISP.JK,2025-11-27 16:00:00,1375,3162900
NISP.JK,2025-11-28 16:00:00,1365,1727100
NISP.JK,2025-12-01 16:00:00,1375,2367800
NISP.JK,2025-12-02 16:00:00,1380,2709100
NISP.JK,2025-12-03 16:00:00,1380,2467000
NISP.JK,2025-12-04 16:00:00,1375,3217400
NISP.JK,2025-12-05 16:00:00,1370,1664800
NISP.JK,2025-12-08 16:00:00,1380,7640800
NISP.JK,2025-12-09 16:00:00,1365,2840300
NISP.JK,2025-12-10 16:00:00,1360,5335800
PGAS.JK,2025-11-11 16:00:00,1755,21122800
PGAS.JK,2025-11-12 16:00:00,1770,21779000
PGAS.JK,2025-11-13 16:00:00,1740,162452900
PGAS.JK,2025-11-14 16:00:00,1730,27995600
PGAS.JK,2025-11-17 16:00:00,1750,17883100
PGAS.JK,2025-11-18 16:00:00,1730,28477900
PGAS.JK,2025-11-19 16:00:00,1750,28953300
PGAS.JK,2025-11-20 16:00:00,1750,13375400
PGAS.JK,2025-11-21 16:00:00,1720,11718300
PGAS.JK,2025-11-24 16:00:00,1735,13982600
PGAS.JK,2025-11-25 16:00:00,1735,25117400
PGAS.JK,2025-11-26 16:00:00,1755,28814700
PGAS.JK,2025-11-27 16:00:00,1740,22519900
PGAS.JK,2025-11-28 16:00:00,1805,72539900
PGAS.JK,2025-12-01 16:00:00,1870,84343200
PGAS.JK,2025-12-02 16:00:00,1830,38476800
PGAS.JK,2025-12-03 16:00:00,1870,63283500
PGAS.JK,2025-12-04 16:00:00,1850,19895300
PGAS.JK,2025-12-05 16:00:00,1825,17631200
PGAS.JK,2025-12-08 16:00:00,1830,21393700
PGAS.JK,2025-12-09 16:00:00,1805,21483800
PGAS.JK,2025-12-10 16:00:00,1855,31706500
PGEO.JK,2025-11-11 16:00:00,1245,31489500
PGEO.JK,2025-11-12 16:00:00,1240,27291000
PGEO.JK,2025-11-13 16:00:00,1205,53210500
PGEO.JK,2025-11-14 16:00:00,1180,54327700
PGEO.JK,2025-11-17 16:00:00,1200,29023300
PGEO.JK,2025-11-18 16:00:00,1190,16825900
PGEO.JK,2025-11-19 16:00:00,1190,14687300
PGEO.JK,2025-11-20 16:00:00,1200,16900600
PGEO.JK,2025-11-21 16:00:00,1210,21231500
PGEO.JK,2025-11-24 16:00:00,1195,27021900
PGEO.JK,2025-11-25 16:00:00,1215,19224800
PGEO.JK,2025-11-26 16:00:00,1210,12949700
PGEO.JK,2025-11-27 16:00:00,1185,19247100
PGEO.JK,2025-11-28 16:00:00,1160,27607600
PGEO.JK,2025-12-01 16:00:00,1150,27566500
PGEO.JK,2025-12-02 16:00:00,1165,22624200
PGEO.JK,2025-12-03 16:00:00,1175,21958000
PGEO.JK,2025-12-04 16:00:00,1160,24008600
PGEO.JK,2025-12-05 16:00:00,1215,104003600
PGEO.JK,2025-12-08 16:00:00,1195,41385600
PGEO.JK,2025-12-09 16:00:00,1165,25449600
PGEO.JK,2025-12-10 16:00:00,1170,25166700
PTBA.JK,2025-11-11 16:00:00,2390,7638300
PTBA.JK,2025-11-12 16:00:00,2380,8223400
PTBA.JK,2025-11-13 16:00:00,2360,7304300
PTBA.JK,2025-11-14 16:00:00,2340,7367200
PTBA.JK,2025-11-17 16:00:00,2350,7490900
PTBA.JK,2025-11-18 16:00:00,2310,9919300
PTBA.JK,2025-11-19 16:00:00,2320,5694700
PTBA.JK,2025-11-20 16:00:00,2330,5732100
PTBA.JK,2025-11-21 16:00:00,2320,5794800
PTBA.JK,2025-11-24 16:00:00,2330,7934900
PTBA.JK,2025-11-25 16:00:00,2310,5470900
PTBA.JK,2025-11-26 16:00:00,2320,5543000
PTBA.JK,2025-11-27 16:00:00,2300,5256000
PTBA.JK,2025-11-28 16:00:00,2310,6650100
PTBA.JK,2025-12-01 16:00:00,2290,7593800
PTBA.JK,2025-12-02 16:00:00,2310,5398600
PTBA.JK,2025-12-03 16:00:00,2310,3128800
PTBA.JK,2025-12-04 16:00:00,2300,4369500
PTBA.JK,2025-12-05 16:00:00,2300,3949700
PTBA.JK,2025-12-08 16:00:00,2300,6949200
PTBA.JK,2025-12-09 16:00:00,2290,8121300
PTBA.JK,2025-12-10 16:00:00,2290,10110400
PTPP.JK,2025-11-11 16:00:00,378,6800300
PTPP.JK,2025-11-12 16:00:00,380,16861900
PTPP.JK,2025-11-13 16:00:00,380,9065700
PTPP.JK,2025-11-14 16:00:00,376,8487100
PTPP.JK,2025-11-17 16:00:00,372,8117000
PTPP.JK,2025-11-18 16:00:00,376,5319900
PTPP.JK,2025-11-19 16:00:00,372,4459200
PTPP.JK,2025-11-20 16:00:00,372,13190900
PTPP.JK,2025-11-21 16:00:00,374,6988900
PTPP.JK,2025-11-24 16:00:00,366,15631000
PTPP.JK,2025-11-25 16:00:00,366,9277700
PTPP.JK,2025-11-26 16:00:00,360,17204600
PTPP.JK,2025-11-27 16:00:00,360,11212600
PTPP.JK,2025-11-28 16:00:00,362,5188500
PTPP.JK,2025-12-01 16:00:00,360,4754000
PTPP.JK,2025-12-02 16:00:00,358,3534300
PTPP.JK,2025-12-03 16:00:00,362,23792800
PTPP.JK,2025-12-04 16:00:00,364,6308100
PTPP.JK,2025-12-05 16:00:00,368,12308800
PTPP.JK,2025-12-08 16:00:00,364,11828200
PTPP.JK,2025-12-09 16:00:00,358,15405100
PTPP.JK,2025-12-10 16:00:00,364,17314500
PWON.JK,2025-11-11 16:00:00,366,25881800
PWON.JK,2025-11-12 16:00:00,366,19687700
PWON.JK,2025-11-13 16:00:00,362,41100600
PWON.JK,2025-11-14 16:00:00,360,15601000
PWON.JK,2025-11-17 16:00:00,362,19260400
PWON.JK,2025-11-18 16:00:00,362,14181600
PWON.JK,2025-11-19 16:00:00,362,31780200
PWON.JK,2025-11-20 16:00:00,360,32431200
PWON.JK,2025-11-21 16:00:00,352,73291500
PWON.JK,2025-11-24 16:00:00,354,29035400
PWON.JK,2025-11-25 16:00:00,354,28720400
PWON.JK,2025-11-26 16:00:00,354,19172700
PWON.JK,2025-11-27 16:00:00,360,37258200
PWON.JK,2025-11-28 16:00:00,382,138386000
PWON.JK,2025-12-01 16:00:00,380,93707000
PWON.JK,2025-12-02 16:00:00,372,39135900
PWON.JK,2025-12-03 16:00:00,370,34266300
PWON.JK,2025-12-04 16:00:00,368,11130200
PWON.JK,2025-12-05 16:00:00,360,65000800
PWON.JK,2025-12-08 16:00:00,354,55462200
PWON.JK,2025-12-09 16:00:00,354,87236700
PWON.JK,2025-12-10 16:00:00,354,49248400
SIDO.JK,2025-11-11 16:00:00,555,34881600
SIDO.JK,2025-11-12 16:00:00,560,23612000
SIDO.JK,2025-11-13 16:00:00,565,27672400
SIDO.JK,2025-11-14 16:00:00,565,12499700
SIDO.JK,2025-11-17 16:00:00,560,16308600
SIDO.JK,2025-11-18 16:00:00,550,12607200
SIDO.JK,2025-11-19 16:00:00,550,7334500
SIDO.JK,2025-11-20 16:00:00,555,19256600
SIDO.JK,2025-11-21 16:00:00,550,8185500
SIDO.JK,2025-11-24 16:00:00,550,24599600
SIDO.JK,2025-11-25 16:00:00,550,8036200
SIDO.JK,2025-11-26 16:00:00,555,6877700
SIDO.JK,2025-11-27 16:00:00,550,8515200
SIDO.JK,2025-11-28 16:00:00,545,12941300
SIDO.JK,2025-12-01 16:00:00,540,11538900
SIDO.JK,2025-12-02 16:00:00,545,11375800
SIDO.JK,2025-12-03 16:00:00,540,11347500
SIDO.JK,2025-12-04 16:00:00,540,9175700
SIDO.JK,2025-12-05 16:00:00,535,6763600
SIDO.JK,2025-12-08 16:00:00,540,9032300
SIDO.JK,2025-12-09 16:00:00,535,13886600
SIDO.JK,2025-12-10 16:00:00,530,10679000
SILO.JK,2025-11-11 16:00:00,2380,4674800
SILO.JK,2025-11-12 16:00:00,2420,4770500
SILO.JK,2025-11-13 16:00:00,2450,2704600
SILO.JK,2025-11-14 16:00:00,2500,5094800
SILO.JK,2025-11-17 16:00:00,2550,3766800
SILO.JK,2025-11-18 16:00:00,2550,1670600
SILO.JK,2025-11-19 16:00:00,2490,1113200
SILO.JK,2025-11-20 16:00:00,2430,1737600
SILO.JK,2025-11-21 16:00:00,2500,1202000
SILO.JK,2025-11-24 16:00:00,2470,905200
SILO.JK,2025-11-25 16:00:00,2450,1127500
SILO.JK,2025-11-26 16:00:00,2450,1149900
SILO.JK,2025-11-27 16:00:00,2470,3167400
SILO.JK,2025-11-28 16:00:00,2460,674500
SILO.JK,2025-12-01 16:00:00,2480,839900
SILO.JK,2025-12-02 16:00:00,2470,1130900
SILO.JK,2025-12-03 16:00:00,2470,471000
SILO.JK,2025-12-04 16:00:00,2490,1369200
SILO.JK,2025-12-05 16:00:00,2550,1822500
SILO.JK,2025-12-08 16:00:00,2500,1349100
SILO.JK,2025-12-09 16:00:00,2500,1110900
SILO.JK,2025-12-10 16:00:00,2530,12520100
SMRA.JK,2025-11-11 16:00:00,394,26117200
SMRA.JK,2025-11-12 16:00:00,394,13431600
SMRA.JK,2025-11-13 16:00:00,394,15707900
SMRA.JK,2025-11-14 16:00:00,390,25380700
SMRA.JK,2025-11-17 16:00:00,392,20798900
SMRA.JK,2025-11-18 16:00:00,394,34646500
SMRA.JK,2025-11-19 16:00:00,390,21198300
SMRA.JK,2025-11-20 16:00:00,390,22646100
SMRA.JK,2025-11-21 16:00:00,390,24298300
SMRA.JK,2025-11-24 16:00:00,388,20322200
SMRA.JK,2025-11-25 16:00:00,388,19229800
SMRA.JK,2025-11-26 16:00:00,390,37221800
SMRA.JK,2025-11-27 16:00:00,382,49655700
SMRA.JK,2025-11-28 16:00:00,386,56332700
SMRA.JK,2025-12-01 16:00:00,390,42166100
SMRA.JK,2025-12-02 16:00:00,388,26686500
SMRA.JK,2025-12-03 16:00:00,386,24596300
SMRA.JK,2025-12-04 16:00:00,382,22086200
SMRA.JK,2025-12-05 16:00:00,384,20452900
SMRA.JK,2025-12-08 16:00:00,382,21101000
SMRA.JK,2025-12-09 16:00:00,378,36801600
SMRA.JK,2025-12-10 16:00:00,376,41193200
SRTG.JK,2025-11-11 16:00:00,1670,7841800
SRTG.JK,2025-11-12 16:00:00,1670,2851200
SRTG.JK,2025-11-13 16:00:00,1640,4425500
SRTG.JK,2025-11-14 16:00:00,1605,6211300
SRTG.JK,2025-11-17 16:00:00,1600,5211100
SRTG.JK,2025-11-18 16:00:00,1595,2896300
SRTG.JK,2025-11-19 16:00:00,1605,1504200
SRTG.JK,2025-11-20 16:00:00,1600,2020400
SRTG.JK,2025-11-21 16:00:00,1600,1479400
SRTG.JK,2025-11-24 16:00:00,1595,2799800
SRTG.JK,2025-11-25 16:00:00,1580,3997600
SRTG.JK,2025-11-26 16:00:00,1595,1795600
SRTG.JK,2025-11-27 16:00:00,1590,2153800
SRTG.JK,2025-11-28 16:00:00,1590,3571800
SRTG.JK,2025-12-01 16:00:00,1600,3566100
SRTG.JK,2025-12-02 16:00:00,1585,2362700
SRTG.JK,2025-12-03 16:00:00,1595,2602900
SRTG.JK,2025-12-04 16:00:00,1595,2629700
SRTG.JK,2025-12-05 16:00:00,1585,1670900
SRTG.JK,2025-12-08 16:00:00,1585,7149200
SRTG.JK,2025-12-09 16:00:00,1555,8270500
SRTG.JK,2025-12-10 16:00:00,1510,14824200
TBIG.JK,2025-11-11 16:00:00,2220,302300
TBIG.JK,2025-11-12 16:00:00,2230,901900
TBIG.JK,2025-11-13 16:00:00,2170,884400
TBIG.JK,2025-11-14 16:00:00,2000,2040300
TBIG.JK,2025-11-17 16:00:00,2000,762600
TBIG.JK,2025-11-18 16:00:00,1995,1109700
TBIG.JK,2025-11-19 16:00:00,2000,526500
TBIG.JK,2025-11-20 16:00:00,1985,991100
TBIG.JK,2025-11-21 16:00:00,1985,381000
TBIG.JK,2025-11-24 16:00:00,1980,530100
TBIG.JK,2025-11-25 16:00:00,1985,607000
TBIG.JK,2025-11-26 16:00:00,1985,709600
TBIG.JK,2025-11-27 16:00:00,1990,391400
TBIG.JK,2025-11-28 16:00:00,1985,499000
TBIG.JK,2025-12-01 16:00:00,1980,344900
TBIG.JK,2025-12-02 16:00:00,1980,1498300
TBIG.JK,2025-12-03 16:00:00,1975,400900
TBIG.JK,2025-12-04 16:00:00,1975,533300
TBIG.JK,2025-12-05 16:00:00,1985,536900
TBIG.JK,2025-12-08 16:00:00,1985,533400
TBIG.JK,2025-12-09 16:00:00,1980,673000
TBIG.JK,2025-12-10 16:00:00,1935,2887100
TINS.JK,2025-11-11 16:00:00,3020,65928200
TINS.JK,2025-11-12 16:00:00,2950,165445600
TINS.JK,2025-11-13 16:00:00,3070,128095200
TINS.JK,2025-11-14 16:00:00,3180,147947600
TINS.JK,2025-11-17 16:00:00,3200,44039300
TINS.JK,2025-11-18 16:00:00,3050,65653800
TINS.JK,2025-11-19 16:00:00,3110,37386500
TINS.JK,2025-11-20 16:00:00,3100,48259200
TINS.JK,2025-11-21 16:00:00,3040,47259200
TINS.JK,2025-11-24 16:00:00,3000,49308500
TINS.JK,2025-11-25 16:00:00,3200,84357800
TINS.JK,2025-11-26 16:00:00,3270,107410000
TINS.JK,2025-11-27 16:00:00,3290,59277300
TINS.JK,2025-11-28 16:00:00,3260,26894500
TINS.JK,2025-12-01 16:00:00,3210,55027500
TINS.JK,2025-12-02 16:00:00,3220,26348600
TINS.JK,2025-12-03 16:00:00,3180,35951000
TINS.JK,2025-12-04 16:00:00,3310,141911700
TINS.JK,2025-12-05 16:00:00,3190,48205500
TINS.JK,2025-12-08 16:00:00,3170,40897300
TINS.JK,2025-12-09 16:00:00,3050,61184800
TINS.JK,2025-12-10 16:00:00,3020,47754500
TLKM.JK,2025-11-11 16:00:00,3520,63130300
TLKM.JK,2025-11-12 16:00:00,3560,61339600
TLKM.JK,2025-11-13 16:00:00,3500,57467900
TLKM.JK,2025-11-14 16:00:00,3550,55079600
TLKM.JK,2025-11-17 16:00:00,3610,76833800
TLKM.JK,2025-11-18 16:00:00,3620,97747000
TLKM.JK,2025-11-19 16:00:00,3650,109911100
TLKM.JK,2025-11-20 16:00:00,3640,52200700
TLKM.JK,2025-11-21 16:00:00,3500,93181600
TLKM.JK,2025-11-24 16:00:00,3700,241304000
TLKM.JK,2025-11-25 16:00:00,3650,84816600
TLKM.JK,2025-11-26 16:00:00,3720,111114600
TLKM.JK,2025-11-27 16:00:00,3570,48436500
TLKM.JK,2025-11-28 16:00:00,3510,70943000
TLKM.JK,2025-12-01 16:00:00,3650,89045500
TLKM.JK,2025-12-02 16:00:00,3560,62155900
TLKM.JK,2025-12-03 16:00:00,3580,60429900
TLKM.JK,2025-12-04 16:00:00,3630,38947500
TLKM.JK,2025-12-05 16:00:00,3700,50641400
TLKM.JK,2025-12-08 16:00:00,3630,64911000
TLKM.JK,2025-12-09 16:00:00,3570,94381800
TLKM.JK,2025-12-10 16:00:00,3640,68644900
TOWR.JK,2025-11-11 16:00:00,565,40527900
TOWR.JK,2025-11-12 16:00:00,560,14105200
TOWR.JK,2025-11-13 16:00:00,545,28089600
TOWR.JK,2025-11-14 16:00:00,540,20623600
TOWR.JK,2025-11-17 16:00:00,545,31345800
TOWR.JK,2025-11-18 16:00:00,540,14667000
TOWR.JK,2025-11-19 16:00:00,550,26132100
TOWR.JK,2025-11-20 16:00:00,550,12874400
TOWR.JK,2025-11-21 16:00:00,540,14596400
TOWR.JK,2025-11-24 16:00:00,540,32664900
TOWR.JK,2025-11-25 16:00:00,535,12324500
TOWR.JK,2025-11-26 16:00:00,540,24639300
TOWR.JK,2025-11-27 16:00:00,540,15836000
TOWR.JK,2025-11-28 16:00:00,545,20745100
TOWR.JK,2025-12-01 16:00:00,545,19067500
TOWR.JK,2025-12-02 16:00:00,555,38506800
TOWR.JK,2025-12-03 16:00:00,555,24664500
TOWR.JK,2025-12-04 16:00:00,560,25398700
TOWR.JK,2025-12-05 16:00:00,555,10373900
TOWR.JK,2025-12-08 16:00:00,565,28753600
TOWR.JK,2025-12-09 16:00:00,555,34758300
TOWR.JK,2025-12-10 16:00:00,545,32501900
UNVR.JK,2025-11-11 16:00:00,2490,47905800
UNVR.JK,2025-11-12 16:00:00,2550,35515000
UNVR.JK,2025-11-13 16:00:00,2490,16292900
UNVR.JK,2025-11-14 16:00:00,2510,16720600
UNVR.JK,2025-11-17 16:00:00,2590,37359900
UNVR.JK,2025-11-18 16:00:00,2510,28725900
UNVR.JK,2025-11-19 16:00:00,2580,13777400
UNVR.JK,2025-11-20 16:00:00,2600,20738000
UNVR.JK,2025-11-21 16:00:00,2540,27647200
UNVR.JK,2025-11-24 16:00:00,2670,32673700
UNVR.JK,2025-11-25 16:00:00,2630,25207700
UNVR.JK,2025-11-26 16:00:00,2600,21031000
UNVR.JK,2025-11-27 16:00:00,2600,34235900
UNVR.JK,2025-11-28 16:00:00,2600,18013700
UNVR.JK,2025-12-01 16:00:00,2620,17322300
UNVR.JK,2025-12-02 16:00:00,2650,35263000
UNVR.JK,2025-12-03 16:00:00,2770,65741000
UNVR.JK,2025-12-04 16:00:00,2770,40071400
UNVR.JK,2025-12-05 16:00:00,2710,34350200
UNVR.JK,2025-12-08 16:00:00,2620,34429000
UNVR.JK,2025-12-09 16:00:00,2670,44953900
UNVR.JK,2025-12-10 16:00:00,2730,29651800
